Project_ID,Project_Name,Start_Date,Last_Review_Date,Review_Frequency_Years,Next_Review_Date,Department,Status
P001,Extend Web-Enabled Synergies,2023-10-19,2024-08-17,1,2025-08-17,Finance,Due Soon
P002,Mesh User-Centric Users,2024-01-08,2024-12-29,2,2026-12-29,IT,Due Soon
P003,Embrace Web-Enabled E-Markets,2024-01-13,2024-10-22,1,2025-10-22,HR,Due Soon
P004,Transform World-Class Schemas,2024-01-26,2025-04-21,1,2026-04-21,HR,Due Soon
P005,Redefine Visionary Systems,2023-11-23,2024-08-27,1,2025-08-27,QA,Due Soon
P006,Incentivize Robust Portals,2023-08-24,2025-03-30,1,2026-03-30,HR,Due Soon
P007,Expedite Web-Enabled Solutions,2024-02-17,2025-01-14,1,2026-01-14,QA,Due Soon
P008,Enable Leading-Edge Eyeballs,2024-01-20,2024-05-03,1,2025-05-03,IT,Overdue
P009,Synthesize Best-Of-Breed Interfaces,2023-09-03,2024-06-22,1,2025-06-22,Finance,Due Soon
P010,Iterate Magnetic Web-Readiness,2024-03-01,2024-06-19,1,2025-06-19,Engineering,Due Soon
P011,Morph Viral Technologies,2023-12-15,2025-04-09,2,2027-04-09,QA,Due Soon
P012,Architect B2B Supply-Chains,2024-03-23,2024-11-12,2,2026-11-12,Engineering,Due Soon
P013,Cultivate Ubiquitous Synergies,2023-09-15,2025-03-17,1,2026-03-17,Finance,Due Soon
P014,Scale One-To-One Interfaces,2023-07-15,2024-01-02,1,2025-01-02,Engineering,Overdue
P015,Reinvent Transparent Niches,2023-08-30,2023-12-03,2,2025-12-03,Engineering,Due Soon
P016,Morph Real-Time E-Markets,2023-12-24,2024-11-17,2,2026-11-17,QA,Due Soon
P017,Extend Extensible Initiatives,2024-03-11,2024-03-27,1,2025-03-27,IT,Overdue
P018,Harness Virtual E-Commerce,2024-04-19,2024-09-05,1,2025-09-05,Finance,Due Soon
P019,Repurpose Dot-Com Systems,2024-04-06,2024-04-21,2,2026-04-21,IT,Due Soon
P020,Iterate E-Business Applications,2024-04-10,2024-05-29,1,2025-05-29,Engineering,Due Soon
P021,Unleash Ubiquitous E-Tailers,2024-03-14,2025-01-19,2,2027-01-19,QA,Due Soon
P022,Enable Rich Technologies,2023-10-19,2025-03-17,2,2027-03-17,HR,Due Soon
P023,Redefine Out-Of-The-Box Networks,2023-05-31,2024-11-23,2,2026-11-23,Finance,Due Soon
P024,Deploy Proactive Initiatives,2023-07-25,2024-07-14,1,2025-07-14,Engineering,Due Soon
P025,Architect Customized E-Commerce,2024-03-03,2024-07-13,1,2025-07-13,HR,Due Soon
P026,Productize End-To-End Paradigms,2024-02-29,2024-09-08,2,2026-09-08,HR,Due Soon
P027,Enhance 24/365 Interfaces,2023-06-25,2023-07-07,2,2025-07-07,IT,Due Soon
P028,Empower Turn-Key Architectures,2023-05-25,2023-11-14,2,2025-11-14,QA,Due Soon
P029,Grow One-To-One Interfaces,2023-08-13,2024-07-21,1,2025-07-21,Finance,Due Soon
P030,Synergize Intuitive Relationships,2023-11-04,2023-11-28,1,2024-11-28,IT,Overdue
